﻿<?xml version="1.0" encoding="utf-8" ?>
<BaseData>
  <!--字符叠加停留时间（秒）-->
  <Tlsj>10</Tlsj>
  <!--旅客抓拍照片路径-->
  <Zplj>D:\TGTP\</Zplj>
  <!--是否抓拍图片-->
  <IsTgtp>false</IsTgtp>
  <!--Access数据库路径-->
  <IsolatorDbStr>D:\Isolator.mdb</IsolatorDbStr>
  <!--数据库标示（value="Ms"为sqlservler ,value="Acc"为Access）-->
  <DbType>Ms</DbType>
  <!--旅客信息过期时间(秒)-->
  <Lkxxgqsj>200000099</Lkxxgqsj>
</BaseData>