﻿<?xml version="1.0" encoding="utf-8" ?>
<cmds>
  <commond description="使用公共方法处理的命令">
    <item cmd="6" table="QWSJ_T_KAYFTJ" bz="口岸验放统计">
      <keys>
        <key>KADM</key>
        <key>TDH</key>
        <key>CRBZ</key>
        <key>RYLBDM</key>
        <key>GJDQDM</key>
        <key>BMDM</key>
        <key>CZY</key>
        <key>TJRQ</key>
        <key>ZJLBDM</key>
        <key>QWGJDQDM</key>
        <key>QZZLDM</key>
        <key>CRJSYDM</key>
      </keys>
    </item>
    <item cmd="7" table="QWSJ_T_KAJTTJ" bz="口岸按交通工具统计">
      <keys>
        <key>KADM</key>
        <key>CDDM</key>
        <key>CRBZ</key>
        <key>JTGJLXDM</key>
        <key>JTGJLBDM</key>
        <key>GJDQDM</key>
        <key>TDH</key>
        <key>HC</key>
        <key>TJRQ</key>
      </keys>
    </item>
    <item cmd="8" table="QWSJ_T_KAASJTJ" bz="口岸案事件统计">
      <keys>
		<key>KADM</key>
        <key>BMDM</key>
        <key>CZY</key>
        <key>SJLBDM</key>
        <key>TJRQ</key>
        <key>SJXZDM</key>
      </keys>
    </item>
    <item cmd="9" table="QWSJ_T_KAPJTJ" bz="口岸评价统计">
      <keys>
		   <key>KADM</key>
        <key>BMDM</key>
        <key>CZY</key>
        <key>PJNR</key>
        <key>TJRQ</key>
      </keys>
    </item>
    <item cmd="10" table="QWSJ_T_KAYJYLTJ" bz="口岸预检预录统计">
      <keys>
        <key>CRKA</key>
        <key>HBRQ</key>
        <key>HKGS</key>
        <key>JTGJBS</key>
        <key>DDSJ</key>
      </keys>
    </item>
    <item cmd="11" table="QWSJ_T_CZYSJTJ" bz="操作员时间统计">
      <keys>
        <key>CZYDM</key>
        <key>TJRQ</key>
        <key>KADM</key>
        <key>ZCBM</key>
        <key>CZYXM</key>
      </keys>
    </item>
    <item cmd="50" table="QWSJ_T_GZZZL" bz="工作站资料表">
      <keys>
        <key>ip</key>
      </keys>
    </item>
    <item cmd="51" table="QWSJ_T_CZYZL" bz="操作员资料表">
      <keys>
        <key>czydm</key>
      </keys>
    </item>
    <item cmd="52" table="QWSJ_T_BMZL" bz="部门资料表">
      <keys>
        <key>bmdm</key>
      </keys>
    </item>
    <item cmd="53" table="QWSJ_T_CDDM" bz="场地代码表">
      <keys>
        <key>cddm</key>
      </keys>
    </item>
    <item cmd="54" table="QWSJ_D_CRJJTGJLXDM" bz="出入境交通工具类型表">
      <keys>
        <key>JTGJLXDM</key>
      </keys>
    </item>
    <item cmd="55" table="QWSJ_D_CRJSYDM" bz="出入境事由代码表">
      <keys>
        <key>CRJSYDM</key>
      </keys>
    </item>
    <item cmd="57" table="QWSJ_D_JTFSDM" bz="交通方式代码">
      <keys>
        <key>JTFSDM</key>
      </keys>
    </item>
    <item cmd="58" table="QWSJ_D_MZDM" bz="民族代码表">
      <keys>
        <key>MZDM</key>
      </keys>
    </item>
    <item cmd="59" table="QWSJ_D_QZZLDM" bz="签证种类代码">
      <keys>
        <key>QZZLDM</key>
      </keys>
    </item>
    <item cmd="60" table="QWSJ_D_QFQSYYDM" bz="遣返遣送原因代码">
      <keys>
        <key>QFQSYYDM</key>
      </keys>
    </item>
    <item cmd="61" table="QWSJ_D_RYLBDM" bz="人员类别代码">
      <keys>
        <key>RYLBDM</key>
      </keys>
    </item>
    <item cmd="62" table="QWSJ_D_RYYCTJLYDM" bz="人员异常提交理由">
      <keys>
        <key>SJDM</key>
      </keys>
    </item>
    <item cmd="63" table="QWSJ_D_SJLBDM" bz="事件类别代码">
      <keys>
        <key>SJLBDM</key>
      </keys>
    </item>
    <item cmd="64" table="QWSJ_D_SJXZDM" bz="事件性质代码">
      <keys>
        <key>SJXZDM</key>
      </keys>
    </item>
    <item cmd="65" table="QWSJ_D_XBDM" bz="性别代码">
      <keys>
        <key>XBDM</key>
      </keys>
    </item>
    <item cmd="66" table="QWSJ_D_XZQHDM" bz="行政区划代码">
      <keys>
        <key>XZQHDM</key>
      </keys>
    </item>
    <item cmd="67" table="QWSJ_D_ZJLBDM" bz="证件类别代码">
      <keys>
        <key>ZJLBDM</key>
      </keys>
    </item>
    <item cmd="68" table="QWSJ_D_ZWDM" bz="职务代码">
      <keys>
        <key>ZWDM</key>
      </keys>
    </item>
    <item cmd="70" table="QWSJ_D_KALSGX" bz="口岸隶属关系">
      <keys>
        <key>KADM</key>
      </keys>
    </item>
    <item cmd="250" table="QWSJ_T_MSYWBJJL" bz="梅沙业务报警记录">
      <keys>
        <key>SJBH</key>
      </keys>
    </item>
    <item cmd="249" table="QWSJ_T_JTGJZL" bz="交通工具资料">
      <keys>
        <key>HC</key>
        <key>JTGJLXDM</key>
      </keys>
    </item>
    <item cmd="248" table="QWSJ_T_XDQYTXJL" bz="限定区域通行记录">
      <keys>
        <key>ZJBH</key>
        <key>CRBZ</key>
        <key>CZSJ</key>
      </keys>
    </item>
    <item cmd="247" table="QWSJ_T_CHWFWGRY" bz="查获违法违规人员">
      <keys>
        <key>SJBH</key>
      </keys>
    </item>
    <item cmd="246" table="QWSJ_T_SSBJSTJ" bz="实时报警数统计">
      <keys>
        <key>TDH</key>
        <key>CRJBZ</key>
        <key>SJLBDM</key>
        <key>TJSJ</key>
      </keys>
    </item>
    <item cmd="69" table="QWSJ_T_CRJRY" bz="出入境人员">
      <keys>
        <key>WYBS</key>
      </keys>
    </item>
    <item cmd="72" table="QWSJ_T_CRJJTGJ" bz="出入境交通工具">
      <keys>
        <key>WYBS</key>
      </keys>
    </item>
    <item cmd="73" table="QWSJ_T_CXXWFX" bz="出行行为分析">
      <keys>
        <key>ZJHM</key>
        <key>NF</key>
      </keys>
    </item>
    <item cmd="74" table="QWSJ_T_YBXX" bz="入境预报信息">
      <keys>
        <key>WYBS</key>
      </keys>
    </item>
    </commond>
</cmds>
