﻿<?xml version="1.0" encoding="utf-8"?><RabbitMqConfig xmlns:xsi="http://www.w3.org/2001/XMLSchema-instance" xmlns:xsd="http://www.w3.org/2001/XMLSchema"><Vhost>/</Vhost><Ip>127.0.0.1</Ip><Port>5672</Port><Use>guest</Use><Pwd>guest</Pwd><ConnPool>1</ConnPool><ChannelPool>1</ChannelPool><Publishs><PublishConfig><ExchangeName>job1_ga.topic</ExchangeName><ExchangeKey>job1_ga.DataStorage_ga</ExchangeKey><ExchangeType>topic</ExchangeType><Default>true</Default><Jobs><JobConfig><Name>CHWFWGRY</Name><Durable>false</Durable><Priority>20</Priority><TtlTime>0</TtlTime></JobConfig><JobConfig><Name>CRJJTGJ</Name><Durable>false</Durable><Priority>20</Priority><TtlTime>0</TtlTime></JobConfig><JobConfig><Name>CRJRY</Name><Durable>false</Durable><Priority>20</Priority><TtlTime>0</TtlTime></JobConfig><JobConfig><Name>CZYSJTJ</Name><Durable>false</Durable><Priority>20</Priority><TtlTime>0</TtlTime></JobConfig><JobConfig><Name>JCSJ</Name><Durable>false</Durable><Priority>20</Priority><TtlTime>0</TtlTime></JobConfig><JobConfig><Name>YJYL</Name><Durable>false</Durable><Priority>20</Priority><TtlTime>0</TtlTime></JobConfig><JobConfig><Name>RJYBXX</Name><Durable>false</Durable><Priority>20</Priority><TtlTime>0</TtlTime></JobConfig><JobConfig><Name>KNYFTJNY</Name><Durable>false</Durable><Priority>20</Priority><TtlTime>0</TtlTime></JobConfig><JobConfig><Name>KNYFTJ</Name><Durable>false</Durable><Priority>20</Priority><TtlTime>0</TtlTime></JobConfig><JobConfig><Name>KNPJTJNY</Name><Durable>false</Durable><Priority>20</Priority><TtlTime>0</TtlTime></JobConfig><JobConfig><Name>KNPJTJ</Name><Durable>false</Durable><Priority>20</Priority><TtlTime>0</TtlTime></JobConfig><JobConfig><Name>KNPJTJ</Name><Durable>false</Durable><Priority>20</Priority><TtlTime>0</TtlTime></JobConfig><JobConfig><Name>KAASJTJ</Name><Durable>false</Durable><Priority>20</Priority><TtlTime>0</TtlTime></JobConfig><JobConfig><Name>KAASJTJNY</Name><Durable>false</Durable><Priority>20</Priority><TtlTime>0</TtlTime></JobConfig><JobConfig><Name>KNJTTJ</Name><Durable>false</Durable><Priority>20</Priority><TtlTime>0</TtlTime></JobConfig></Jobs></PublishConfig><PublishConfig><ExchangeName>job1_ga.topic</ExchangeName><ExchangeKey>job1_ga.SetChar_ga</ExchangeKey><ExchangeType>topic</ExchangeType><Default>true</Default><Jobs><JobConfig><Name>TDSSXX</Name><Durable>false</Durable><Priority>20</Priority><TtlTime>0</TtlTime></JobConfig><JobConfig><Name>SJTB</Name><Durable>false</Durable><Priority>20</Priority><TtlTime>0</TtlTime></JobConfig><JobConfig><Name>MSSSYWBJ</Name><Durable>false</Durable><Priority>20</Priority><TtlTime>0</TtlTime></JobConfig></Jobs></PublishConfig><PublishConfig><ExchangeName>job1_ga.cmd</ExchangeName><ExchangeKey>job1_ga.cmd</ExchangeKey><ExchangeType>direct</ExchangeType><Default>true</Default><Jobs><JobConfig><Name>cmdtest</Name><Durable>true</Durable><Priority>-1</Priority><TtlTime>0</TtlTime></JobConfig></Jobs></PublishConfig></Publishs><Consumers><ConsumerConfig><ExchangeName>job1_ga.topic</ExchangeName><ExchangeKey>job1_ga.*</ExchangeKey><IsListen>false</IsListen><IsAck>false</IsAck><QueueName>DataStorage_ga1</QueueName><IsTtl>false</IsTtl><TtlTime>0</TtlTime><IsPriority>true</IsPriority><PrioritySize>20</PrioritySize></ConsumerConfig><ConsumerConfig><ExchangeName>job1_ga.topic</ExchangeName><ExchangeKey>job1_ga.SetChar_ga</ExchangeKey><IsListen>true</IsListen><IsAck>false</IsAck><QueueName>SetChar_ga1</QueueName><IsTtl>false</IsTtl><TtlTime>0</TtlTime><IsPriority>true</IsPriority><PrioritySize>20</PrioritySize></ConsumerConfig><ConsumerConfig><ExchangeName>job1_ga.cmd</ExchangeName><ExchangeKey>job1_ga.cmd</ExchangeKey><IsListen>false</IsListen><IsAck>false</IsAck><QueueName>SDTBCMD1</QueueName><IsTtl>false</IsTtl><TtlTime>0</TtlTime><IsPriority>true</IsPriority><PrioritySize>20</PrioritySize></ConsumerConfig></Consumers></RabbitMqConfig>