<?xml version="1.0"?>
<ArrayOfGa_JobConfig xmlns:xsi="http://www.w3.org/2001/XMLSchema-instance" xmlns:xsd="http://www.w3.org/2001/XMLSchema">
  <Ga_JobConfig>
    <ID>005ddcef-c3c6-446d-988c-b1c211699d3f</ID>
    <state>true</state>
    <Name>CHWFWGRY</Name>
    <Conn>eff319d6-1047-476d-aa17-3b156de49025</Conn>
  </Ga_JobConfig>
  <Ga_JobConfig>
    <ID>105ddcef-c3c6-446d-988c-b1c211699d3f</ID>
    <state>true</state>
    <Name>CRJJTGJ</Name>
    <Conn>eff319d6-1047-476d-aa17-3b156de49025</Conn>
  </Ga_JobConfig>
  <Ga_JobConfig>
    <ID>205ddcef-c3c6-446d-988c-b1c211699d3f</ID>
    <state>true</state>
    <Name>CRJRY</Name>
    <Conn>eff319d6-1047-476d-aa17-3b156de49025</Conn>
  </Ga_JobConfig>
  <Ga_JobConfig>
    <ID>305ddcef-c3c6-446d-988c-b1c211699d3f</ID>
    <state>true</state>
    <Name>CZYSJTJ</Name>
    <Conn>eff319d6-1047-476d-aa17-3b156de49025</Conn>
  </Ga_JobConfig>
  <Ga_JobConfig>
    <ID>405ddcef-c3c6-446d-988c-b1c211699d3f</ID>
    <state>true</state>
    <Name>JCSJ</Name>
    <Conn>eff319d6-1047-476d-aa17-3b156de49025</Conn>
  </Ga_JobConfig>
  <Ga_JobConfig>
    <ID>505ddcef-c3c6-446d-988c-b1c211699d3f</ID>
    <state>true</state>
    <Name>KAASJTJ</Name>
    <Conn>eff319d6-1047-476d-aa17-3b156de49025</Conn>
  </Ga_JobConfig>
  <Ga_JobConfig>
    <ID>605ddcef-c3c6-446d-988c-b1c211699d3f</ID>
    <state>true</state>
    <Name>KAASJTJNY</Name>
    <Conn>eff319d6-1047-476d-aa17-3b156de49025</Conn>
  </Ga_JobConfig>
  <Ga_JobConfig>
    <ID>705ddcef-c3c6-446d-988c-b1c211699d3f</ID>
    <state>true</state>
    <Name>KNJTTJ</Name>
    <Conn>eff319d6-1047-476d-aa17-3b156de49025</Conn>
  </Ga_JobConfig>
  <Ga_JobConfig>
    <ID>805ddcef-c3c6-446d-988c-b1c211699d3f</ID>
    <state>true</state>
    <Name>KNJTTJNY</Name>
    <Conn>eff319d6-1047-476d-aa17-3b156de49025</Conn>
  </Ga_JobConfig>
  <Ga_JobConfig>
    <ID>905ddcef-c3c6-446d-988c-b1c211699d3f</ID>
    <state>true</state>
    <Name>KNPJTJ</Name>
    <Conn>eff319d6-1047-476d-aa17-3b156de49025</Conn>
  </Ga_JobConfig>
  <Ga_JobConfig>
    <ID>015ddcef-c3c6-446d-988c-b1c211699d3f</ID>
    <state>true</state>
    <Name>KNPJTJNY</Name>
    <Conn>eff319d6-1047-476d-aa17-3b156de49025</Conn>
  </Ga_JobConfig>
  <Ga_JobConfig>
    <ID>025ddcef-c3c6-446d-988c-b1c211699d3f</ID>
    <state>true</state>
    <Name>KNYFTJ</Name>
    <Conn>eff319d6-1047-476d-aa17-3b156de49025</Conn>
  </Ga_JobConfig>
  <Ga_JobConfig>
    <ID>025ddcef-c3c6-446d-988c-b1c211699d3f</ID>
    <state>true</state>
    <Name>KNYFTJNY</Name>
    <Conn>eff319d6-1047-476d-aa17-3b156de49025</Conn>
  </Ga_JobConfig>
  <Ga_JobConfig>
    <ID>035ddcef-c3c6-446d-988c-b1c211699d3f</ID>
    <state>true</state>
    <Name>MSSSYWBJ</Name>
    <Conn>eff319d6-1047-476d-aa17-3b156de49025</Conn>
  </Ga_JobConfig>
  <Ga_JobConfig>
    <ID>045ddcef-c3c6-446d-988c-b1c211699d3f</ID>
    <state>true</state>
    <Name>RJYBXX</Name>
    <Conn>eff319d6-1047-476d-aa17-3b156de49025</Conn>
  </Ga_JobConfig>
  <Ga_JobConfig>
    <ID>055ddcef-c3c6-446d-988c-b1c211699d3f</ID>
    <state>true</state>
    <Name>SJTB</Name>
    <Conn>eff319d6-1047-476d-aa17-3b156de49025</Conn>
  </Ga_JobConfig>
  <Ga_JobConfig>
    <ID>065ddcef-c3c6-446d-988c-b1c211699d3f</ID>
    <state>true</state>
    <Name>TDSSXX</Name>
    <Conn>eff319d6-1047-476d-aa17-3b156de49025</Conn>
  </Ga_JobConfig>
  <Ga_JobConfig>
    <ID>075ddcef-c3c6-446d-988c-b1c211699d3f</ID>
    <state>true</state>
    <Name>YJYL</Name>
    <Conn>eff319d6-1047-476d-aa17-3b156de49025</Conn>
  </Ga_JobConfig>
  <Ga_JobConfig>
    <ID>085ddcef-c3c6-446d-988c-b1c211699d3f</ID>
    <state>true</state>
    <Name>ZDYMFZ</Name>
    <Conn>eff319d6-1047-476d-aa17-3b156de49025</Conn>
  </Ga_JobConfig>
  <Ga_JobConfig>
    <ID>095ddcef-c3c6-446d-988c-b1c211699d3f</ID>
    <state>true</state>
    <Name>ZDYMS</Name>
    <Conn>eff319d6-1047-476d-aa17-3b156de49025</Conn>
  </Ga_JobConfig>
  <Ga_JobConfig>
    <ID>105ddcef-c3c6-446d-988c-b1c211699d3f</ID>
    <state>true</state>
    <Name>ZDYMT</Name>
    <Conn>eff319d6-1047-476d-aa17-3b156de49025</Conn>
  </Ga_JobConfig>
  <Ga_JobConfig>
    <ID>5295a1c2-da2a-4aff-9f7d-1c976da79676</ID>
    <state>true</state>
    <Name>CRJSJNTB</Name>
    <Conn>8f9976bc-56d6-4532-abed-978bcffc6f26</Conn>
  </Ga_JobConfig>
</ArrayOfGa_JobConfig>