﻿[
  {
    "ID": "da08a5f4-6ffa-44c9-9564-f030c44b789e",
    "state": true,
    "Expresstion": "0 0/1 * * * ?",
    "typeName": "Jobs_CHWFWGRY.CHWFWGRYService",
    "Conn": "7570bedd-7518-4326-aaf5-89afb71bf54b"
  },
  {
    "ID": "cded334a-ebc3-47d8-a0fd-241f9cd8c47d",
    "state": false,
    "Expresstion": "0 0/1 * * * ?",
    "typeName": "Jobs_CRJJTGJ.CRJJTGJService",
    "Conn": "7570bedd-7518-4326-aaf5-89afb71bf54b"
  },
  {
    "ID": "667d1842-5f35-4304-ab1a-e007eb2222f2",
    "state": true,
    "Expresstion": "0 0/60 * * * ?",
    "typeName": "Jobs_CRJRY.CRJRYService",
    "Conn": "7570bedd-7518-4326-aaf5-89afb71bf54b"
  }
]