<?xml version="1.0"?>
<RabbitMqConfig xmlns:xsi="http://www.w3.org/2001/XMLSchema-instance" xmlns:xsd="http://www.w3.org/2001/XMLSchema">
  <Vhost>/</Vhost>
  <Ip>192.168.99.100</Ip>
  <Port>5672</Port>
  <Use>admin</Use>
  <Pwd>admin</Pwd>
  <ConnPool>2</ConnPool>
  <ChannelPool>20</ChannelPool>
  <Publishs>
  
    <PublishConfig>
      <ExchangeName>job1_ga1.topic</ExchangeName>
      <ExchangeKey>job1_ga1.DataStorage_ga</ExchangeKey>
      <ExchangeType>topic</ExchangeType>
      <Default>true</Default>
      <Jobs>
        <JobConfig>
          <Name>CHWFWGRY</Name>
          <Durable>false</Durable>
          <Priority>2</Priority>
          <TtlTime>0</TtlTime>
        </JobConfig>      
      </Jobs>
    </PublishConfig>
    <PublishConfig>
      <ExchangeName>job1_ga1.topic</ExchangeName>
      <ExchangeKey>job1_ga1.SetChar_ga</ExchangeKey>
      <ExchangeType>topic</ExchangeType>
      <Default>true</Default>
      <Jobs>
        <JobConfig>
          <Name>TDSSXX</Name>
          <Durable>false</Durable>
          <Priority>19</Priority>
          <TtlTime>0</TtlTime>
        </JobConfig>
      </Jobs>
    </PublishConfig>
  </Publishs>
  <Consumers>
    <ConsumerConfig>
      <ExchangeName>job1_ga1.topic</ExchangeName>
      <ExchangeKey>job1_ga1.DataStorage_ga</ExchangeKey>
      <IsListen>false</IsListen>
      <IsAck>true</IsAck>
      <QueueName>DataStorage_ga1_1</QueueName>
      <IsTtl>false</IsTtl>
      <TtlTime>0</TtlTime>
      <IsPriority>true</IsPriority>
      <PrioritySize>20</PrioritySize>
    </ConsumerConfig>
    <ConsumerConfig>
      <ExchangeName>job1_ga1.topic</ExchangeName>
      <ExchangeKey>job1_ga1.SetChar_ga</ExchangeKey>
      <IsListen>false</IsListen>
      <IsAck>false</IsAck>
      <QueueName>SetChar_ga1_1</QueueName>
      <IsTtl>false</IsTtl>
      <TtlTime>0</TtlTime>
      <IsPriority>true</IsPriority>
      <PrioritySize>20</PrioritySize>
    </ConsumerConfig>

  </Consumers>
</RabbitMqConfig>