<?xml version="1.0"?>
<RabbitMqConfig xmlns:xsi="http://www.w3.org/2001/XMLSchema-instance" xmlns:xsd="http://www.w3.org/2001/XMLSchema">
  <Vhost>/</Vhost>
  <Ip>192.168.99.100</Ip>
  <Port>5672</Port>
  <Use>guest</Use>
  <Pwd>guest</Pwd>
  <ConnPool>2</ConnPool>
  <ChannelPool>10</ChannelPool>
  <Publishs>
    <PublishConfig>
      <ExchangeName>job1.cmd</ExchangeName>
      <ExchangeKey>job1.cmd</ExchangeKey>
      <ExchangeType>direct</ExchangeType>
      <Default>true</Default>
      <Jobs>
        <JobConfig>
          <Name>cmdtest</Name>
          <Durable>true</Durable>
          <Priority>-1</Priority>
          <TtlTime>0</TtlTime>
        </JobConfig>
      </Jobs>
    </PublishConfig>
    <PublishConfig>
      <ExchangeName>job1.topic</ExchangeName>
      <ExchangeKey>job1.DataStorage</ExchangeKey>
      <ExchangeType>topic</ExchangeType>
      <Default>true</Default>
      <Jobs>
        <JobConfig>
          <Name>CHWFWGRY</Name>
          <Durable>false</Durable>
          <Priority>15</Priority>
          <TtlTime>0</TtlTime>
        </JobConfig>
        <JobConfig>
          <Name>CRJJTGJ</Name>
          <Durable>false</Durable>
          <Priority>15</Priority>
          <TtlTime>0</TtlTime>
        </JobConfig>
        <JobConfig>
          <Name>CRJRY</Name>
          <Durable>false</Durable>
          <Priority>15</Priority>
          <TtlTime>0</TtlTime>
        </JobConfig>
        <JobConfig>
          <Name>CZYSJTJ</Name>
          <Durable>false</Durable>
          <Priority>15</Priority>
          <TtlTime>0</TtlTime>
        </JobConfig>
        <JobConfig>
          <Name>JCSJ</Name>
          <Durable>false</Durable>
          <Priority>15</Priority>
          <TtlTime>0</TtlTime>
        </JobConfig>
        <JobConfig>
          <Name>KAASJTJ</Name>
          <Durable>false</Durable>
          <Priority>15</Priority>
          <TtlTime>0</TtlTime>
        </JobConfig>
        <JobConfig>
          <Name>KAASJTJNY</Name>
          <Durable>false</Durable>
          <Priority>15</Priority>
          <TtlTime>0</TtlTime>
        </JobConfig>
        <JobConfig>
          <Name>KNJTTJ</Name>
          <Durable>false</Durable>
          <Priority>15</Priority>
          <TtlTime>0</TtlTime>
        </JobConfig>
        <JobConfig>
          <Name>KNJTTJNY</Name>
          <Durable>false</Durable>
          <Priority>15</Priority>
          <TtlTime>0</TtlTime>
        </JobConfig>
        <JobConfig>
          <Name>KNPJTJ</Name>
          <Durable>false</Durable>
          <Priority>15</Priority>
          <TtlTime>0</TtlTime>
        </JobConfig>
        <JobConfig>
          <Name>KNPJTJNY</Name>
          <Durable>false</Durable>
          <Priority>15</Priority>
          <TtlTime>0</TtlTime>
        </JobConfig>
        <JobConfig>
          <Name>KNYFTJ</Name>
          <Durable>false</Durable>
          <Priority>15</Priority>
          <TtlTime>0</TtlTime>
        </JobConfig>
        <JobConfig>
          <Name>KNYFTJNY</Name>
          <Durable>false</Durable>
          <Priority>15</Priority>
          <TtlTime>0</TtlTime>
        </JobConfig>
        <JobConfig>
          <Name>RJYBXX</Name>
          <Durable>false</Durable>
          <Priority>15</Priority>
          <TtlTime>0</TtlTime>
        </JobConfig>
        <JobConfig>
          <Name>YJYL</Name>
          <Durable>false</Durable>
          <Priority>15</Priority>
          <TtlTime>0</TtlTime>
        </JobConfig>
        <JobConfig>
          <Name>CRJSJNTB</Name>
          <Durable>false</Durable>
          <Priority>15</Priority>
          <TtlTime>0</TtlTime>
        </JobConfig>
      </Jobs>
    </PublishConfig>
    <PublishConfig>
      <ExchangeName>job1.topic</ExchangeName>
      <ExchangeKey>job1.SetChar</ExchangeKey>
      <ExchangeType>topic</ExchangeType>
      <Default>true</Default>
      <Jobs>
        <JobConfig>
          <Name>TDSSXX</Name>
          <Durable>false</Durable>
          <Priority>20</Priority>
          <TtlTime>0</TtlTime>
        </JobConfig>
        <JobConfig>
          <Name>SJTB</Name>
          <Durable>false</Durable>
          <Priority>20</Priority>
          <TtlTime>0</TtlTime>
        </JobConfig>
        <JobConfig>
          <Name>MSSSYWBJ</Name>
          <Durable>false</Durable>
          <Priority>20</Priority>
          <TtlTime>0</TtlTime>
        </JobConfig>
      </Jobs>
    </PublishConfig>
  </Publishs>
  <Consumers>
    <ConsumerConfig>
      <ExchangeName>job1.topic</ExchangeName>
      <ExchangeKey>job1.*</ExchangeKey>
      <IsListen>true</IsListen>
      <IsAck>false</IsAck>
      <QueueName>DataStorage1</QueueName>
      <IsTtl>false</IsTtl>
      <TtlTime>0</TtlTime>
      <IsPriority>true</IsPriority>
      <PrioritySize>20</PrioritySize>
    </ConsumerConfig>
    <ConsumerConfig>
      <ExchangeName>job1.topic</ExchangeName>
      <ExchangeKey>job1.SetChar</ExchangeKey>
      <IsListen>true</IsListen>
      <IsAck>false</IsAck>
      <QueueName>SetChar1</QueueName>
      <IsTtl>false</IsTtl>
      <TtlTime>0</TtlTime>
      <IsPriority>true</IsPriority>
      <PrioritySize>20</PrioritySize>
    </ConsumerConfig>
    <ConsumerConfig>
      <ExchangeName>job1.cmd</ExchangeName>
      <ExchangeKey>job1.cmd</ExchangeKey>
      <IsListen>false</IsListen>
      <IsAck>false</IsAck>
      <QueueName>SDTBCMD1</QueueName>
      <IsTtl>false</IsTtl>
      <TtlTime>0</TtlTime>
      <IsPriority>true</IsPriority>
      <PrioritySize>20</PrioritySize>
    </ConsumerConfig>
  </Consumers>
</RabbitMqConfig>